nome,categoria
Trial Livros,Móveis
Particular Livros,Móveis
Old Ferramentas,Roupas
Size Esportes,Eletrônicos
Until Eletrônicos,Alimentos
Fish Alimentos,Brinquedos
Itself Cosméticos,Ferramentas
Art Alimentos,Brinquedos
Sign Alimentos,Brinquedos
Step Eletrônicos,Esportes
Page Roupas,Alimentos
Shake Roupas,Esportes
Reveal Ferramentas,Eletrônicos
Call Livros,Brinquedos
Night Esportes,Brinquedos
Leave Ferramentas,Brinquedos
Official Móveis,Livros
Computer Alimentos,Esportes
Hope Esportes,Eletrônicos
Must Roupas,Brinquedos
Shake Ferramentas,Esportes
Minute Cosméticos,Livros
Defense Ferramentas,Brinquedos
One Cosméticos,Alimentos
Change Brinquedos,Esportes
Dog Esportes,Móveis
During Cosméticos,Alimentos
Rich Cosméticos,Ferramentas
Set Eletrônicos,Eletrônicos
Analysis Cosméticos,Ferramentas
Have Esportes,Roupas
Everything Cosméticos,Ferramentas
Some Roupas,Livros
Vote Eletrônicos,Roupas
Born Eletrônicos,Roupas
Source Cosméticos,Ferramentas
Night Livros,Alimentos
Various Eletrônicos,Brinquedos
Resource Brinquedos,Roupas
Enter Brinquedos,Ferramentas
Late Livros,Esportes
These Eletrônicos,Ferramentas
Lawyer Esportes,Eletrônicos
Interest Móveis,Cosméticos
Behind Roupas,Cosméticos
Plant Eletrônicos,Eletrônicos
Hour Esportes,Brinquedos
Hard Ferramentas,Móveis
Particular Móveis,Brinquedos
Talk Brinquedos,Brinquedos
Southern Ferramentas,Livros
Teacher Eletrônicos,Alimentos
Box Brinquedos,Esportes
Spring Brinquedos,Ferramentas
Base Ferramentas,Eletrônicos
Ground Eletrônicos,Ferramentas
Born Ferramentas,Livros
Remain Alimentos,Ferramentas
Charge Esportes,Móveis
Fly Alimentos,Móveis
Indicate Esportes,Ferramentas
Main Ferramentas,Eletrônicos
Participant Livros,Ferramentas
Story Eletrônicos,Alimentos
Former Eletrônicos,Ferramentas
Ahead Móveis,Livros
Water Livros,Roupas
Everyone Eletrônicos,Brinquedos
Music Cosméticos,Móveis
Policy Brinquedos,Ferramentas
Buy Brinquedos,Livros
Officer Livros,Brinquedos
Hair Eletrônicos,Esportes
Family Móveis,Cosméticos
Group Brinquedos,Alimentos
Any Brinquedos,Brinquedos
Firm Esportes,Móveis
Purpose Brinquedos,Cosméticos
Course Eletrônicos,Roupas
Majority Esportes,Ferramentas
Happy Esportes,Eletrônicos
Even Ferramentas,Cosméticos
We Móveis,Livros
Make Brinquedos,Brinquedos
Morning Cosméticos,Esportes
Itself Livros,Eletrônicos
Each Cosméticos,Móveis
Win Esportes,Esportes
Less Brinquedos,Roupas
Worker Brinquedos,Cosméticos
Its Cosméticos,Ferramentas
Space Esportes,Roupas
Provide Móveis,Ferramentas
Party Roupas,Esportes
Little Alimentos,Livros
Catch Alimentos,Livros
We Cosméticos,Esportes
Thus Esportes,Roupas
Skill Livros,Roupas
Decide Brinquedos,Brinquedos
Or Móveis,Ferramentas
Environmental Móveis,Eletrônicos
Recent Móveis,Eletrônicos
Term Móveis,Livros
Myself Brinquedos,Alimentos
Establish Roupas,Esportes
Act Móveis,Ferramentas
Partner Brinquedos,Eletrônicos
Bag Eletrônicos,Cosméticos
When Roupas,Livros
Church Ferramentas,Móveis
Result Esportes,Esportes
Certainly Móveis,Alimentos
Offer Eletrônicos,Roupas
Lot Alimentos,Eletrônicos
Market Roupas,Eletrônicos
Option Cosméticos,Móveis
Position Ferramentas,Cosméticos
Lot Móveis,Brinquedos
Executive Ferramentas,Cosméticos
Group Brinquedos,Livros
Much Brinquedos,Livros
Everything Móveis,Esportes
Truth Alimentos,Brinquedos
Federal Móveis,Roupas
Likely Roupas,Móveis
Very Brinquedos,Alimentos
Summer Móveis,Alimentos
Knowledge Livros,Alimentos
What Móveis,Ferramentas
Occur Cosméticos,Brinquedos
Produce Brinquedos,Ferramentas
Page Brinquedos,Móveis
Senior Alimentos,Móveis
Argue Cosméticos,Livros
Believe Ferramentas,Roupas
Old Esportes,Roupas
Spring Brinquedos,Roupas
Size Cosméticos,Cosméticos
Campaign Móveis,Roupas
Use Eletrônicos,Eletrônicos
Fill Ferramentas,Ferramentas
Situation Cosméticos,Alimentos
That Esportes,Eletrônicos
Improve Roupas,Livros
Enjoy Ferramentas,Móveis
Oil Cosméticos,Esportes
Hard Alimentos,Móveis
Meet Cosméticos,Esportes
Site Cosméticos,Alimentos
Understand Livros,Cosméticos
Door Cosméticos,Eletrônicos
Every Ferramentas,Brinquedos
Start Móveis,Alimentos
For Alimentos,Cosméticos
Which Cosméticos,Móveis
In Móveis,Eletrônicos
Gas Alimentos,Móveis
Only Roupas,Móveis
Especially Eletrônicos,Alimentos
Relationship Roupas,Eletrônicos
Bag Livros,Livros
Read Cosméticos,Cosméticos
Low Ferramentas,Brinquedos
Nearly Cosméticos,Móveis
Sea Esportes,Brinquedos
Audience Alimentos,Esportes
Institution Cosméticos,Roupas
All Alimentos,Alimentos
Woman Livros,Esportes
Between Roupas,Roupas
Management Ferramentas,Roupas
Everybody Ferramentas,Ferramentas
Actually Livros,Brinquedos
Wait Esportes,Móveis
Skill Brinquedos,Alimentos
Rise Livros,Esportes
Become Esportes,Esportes
Laugh Alimentos,Esportes
Beyond Cosméticos,Ferramentas
Inside Ferramentas,Móveis
More Eletrônicos,Ferramentas
Benefit Livros,Eletrônicos
Sing Ferramentas,Eletrônicos
Letter Livros,Esportes
Write Livros,Móveis
Meeting Livros,Roupas
Past Roupas,Cosméticos
He Livros,Móveis
Gun Esportes,Livros
Wrong Alimentos,Esportes
Unit Eletrônicos,Alimentos
Three Roupas,Eletrônicos
Water Cosméticos,Ferramentas
Hour Alimentos,Móveis
Future Livros,Alimentos
Finish Esportes,Esportes
Thus Cosméticos,Brinquedos
Director Roupas,Livros
Hope Alimentos,Brinquedos
Within Alimentos,Móveis
Great Cosméticos,Livros
Bag Ferramentas,Alimentos
Goal Brinquedos,Eletrônicos
House Eletrônicos,Móveis
Material Alimentos,Livros
Sense Livros,Brinquedos
Ready Brinquedos,Ferramentas
Different Ferramentas,Ferramentas
No Esportes,Ferramentas
Agreement Esportes,Móveis
Challenge Esportes,Eletrônicos
Determine Alimentos,Cosméticos
Not Roupas,Roupas
Less Brinquedos,Brinquedos
Two Livros,Brinquedos
Stuff Livros,Alimentos
Trial Livros,Brinquedos
Result Móveis,Ferramentas
Purpose Ferramentas,Esportes
Lawyer Móveis,Ferramentas
Necessary Eletrônicos,Cosméticos
Purpose Cosméticos,Brinquedos
Apply Esportes,Esportes
Could Móveis,Livros
Spring Cosméticos,Livros
Act Roupas,Móveis
What Livros,Roupas
Score Alimentos,Esportes
Necessary Livros,Livros
Light Eletrônicos,Móveis
Arrive Livros,Móveis
Reduce Livros,Cosméticos
Knowledge Ferramentas,Eletrônicos
Deal Cosméticos,Livros
Movement Cosméticos,Esportes
Action Cosméticos,Ferramentas
Explain Brinquedos,Esportes
Couple Roupas,Roupas
Kid Ferramentas,Roupas
She Roupas,Alimentos
Modern Alimentos,Móveis
Step Ferramentas,Alimentos
Resource Eletrônicos,Cosméticos
Happen Móveis,Móveis
Room Brinquedos,Roupas
Form Roupas,Ferramentas
Admit Livros,Esportes
Every Roupas,Brinquedos
Major Ferramentas,Eletrônicos
Lose Cosméticos,Roupas
Argue Esportes,Eletrônicos
Wind Eletrônicos,Livros
Sort Ferramentas,Móveis
Performance Brinquedos,Roupas
Away Móveis,Livros
Form Eletrônicos,Móveis
Financial Roupas,Roupas
Television Brinquedos,Eletrônicos
Foreign Alimentos,Livros
Model Alimentos,Roupas
Minute Cosméticos,Cosméticos
Onto Ferramentas,Móveis
History Móveis,Eletrônicos
During Roupas,Ferramentas
Body Brinquedos,Brinquedos
Tough Livros,Esportes
Focus Eletrônicos,Esportes
Guy Alimentos,Brinquedos
Run Esportes,Alimentos
Occur Esportes,Ferramentas
Where Roupas,Alimentos
Movement Roupas,Brinquedos
Its Móveis,Livros
Answer Esportes,Cosméticos
Management Móveis,Alimentos
Generation Roupas,Roupas
Available Cosméticos,Livros
Understand Esportes,Ferramentas
Hear Eletrônicos,Eletrônicos
Must Móveis,Móveis
Mean Cosméticos,Esportes
Alone Esportes,Livros
Carry Esportes,Móveis
Tree Alimentos,Móveis
Item Livros,Esportes
Interesting Ferramentas,Móveis
Change Eletrônicos,Alimentos
Red Livros,Alimentos
Seem Roupas,Brinquedos
Maybe Brinquedos,Livros
Particularly Alimentos,Alimentos
Employee Roupas,Ferramentas
Cause Eletrônicos,Livros
Focus Cosméticos,Ferramentas
Plant Cosméticos,Móveis
Past Roupas,Eletrônicos
Possible Brinquedos,Esportes
Exist Cosméticos,Alimentos
Either Alimentos,Eletrônicos
Tough Livros,Roupas
Avoid Eletrônicos,Móveis
Forget Móveis,Roupas
Hand Esportes,Livros
Us Móveis,Livros
Take Roupas,Esportes
Large Roupas,Móveis
However Esportes,Móveis
South Brinquedos,Ferramentas
Type Ferramentas,Livros
Pm Livros,Roupas
Parent Brinquedos,Alimentos
Any Cosméticos,Eletrônicos
While Cosméticos,Ferramentas
Natural Cosméticos,Livros
Instead Roupas,Esportes
Organization Esportes,Livros
Him Cosméticos,Roupas
Administration Alimentos,Alimentos
Computer Livros,Brinquedos
During Cosméticos,Eletrônicos
Might Ferramentas,Livros
Play Roupas,Livros
Safe Móveis,Brinquedos
Cup Móveis,Ferramentas
Radio Eletrônicos,Livros
Position Roupas,Eletrônicos
Part Cosméticos,Cosméticos
Team Roupas,Cosméticos
During Alimentos,Esportes
Itself Alimentos,Móveis
They Eletrônicos,Brinquedos
Right Alimentos,Cosméticos
President Roupas,Livros
Fly Eletrônicos,Alimentos
Research Alimentos,Roupas
Visit Alimentos,Eletrônicos
Compare Brinquedos,Brinquedos
Rise Alimentos,Móveis
Always Esportes,Eletrônicos
Sea Esportes,Livros
Enter Brinquedos,Roupas
Learn Ferramentas,Esportes
Turn Brinquedos,Roupas
Art Livros,Brinquedos
News Eletrônicos,Móveis
Increase Livros,Roupas
Follow Móveis,Alimentos
Road Esportes,Móveis
Fill Móveis,Eletrônicos
Tv Eletrônicos,Roupas
Few Cosméticos,Alimentos
Probably Ferramentas,Brinquedos
Special Roupas,Brinquedos
Determine Alimentos,Eletrônicos
Same Ferramentas,Eletrônicos
Choice Livros,Cosméticos
Talk Esportes,Roupas
Class Ferramentas,Móveis
Source Alimentos,Livros
Best Roupas,Esportes
Country Cosméticos,Móveis
People Brinquedos,Alimentos
Executive Ferramentas,Cosméticos
Different Móveis,Alimentos
Campaign Brinquedos,Eletrônicos
Success Móveis,Eletrônicos
Attack Roupas,Móveis
Last Alimentos,Cosméticos
Against Roupas,Esportes
Simply Cosméticos,Ferramentas
Something Roupas,Brinquedos
Loss Alimentos,Livros
Information Brinquedos,Ferramentas
Other Alimentos,Eletrônicos
Soldier Roupas,Livros
Democratic Cosméticos,Eletrônicos
Future Roupas,Esportes
Mr Cosméticos,Roupas
Sound Alimentos,Livros
Detail Cosméticos,Alimentos
Can Móveis,Roupas
Involve Móveis,Esportes
Necessary Brinquedos,Móveis
Thank Cosméticos,Alimentos
Agent Alimentos,Ferramentas
Hot Roupas,Livros
Message Móveis,Alimentos
Wife Roupas,Cosméticos
Assume Brinquedos,Móveis
Way Brinquedos,Ferramentas
Standard Livros,Ferramentas
Computer Livros,Ferramentas
Practice Roupas,Eletrônicos
Significant Móveis,Ferramentas
Prepare Brinquedos,Brinquedos
Top Brinquedos,Roupas
Debate Roupas,Ferramentas
Follow Eletrônicos,Alimentos
Program Esportes,Alimentos
Seek Cosméticos,Esportes
Around Brinquedos,Alimentos
Such Ferramentas,Brinquedos
Itself Móveis,Alimentos
Join Eletrônicos,Esportes
Source Esportes,Móveis
Determine Cosméticos,Ferramentas
Else Eletrônicos,Eletrônicos
Institution Brinquedos,Esportes
While Cosméticos,Roupas
Few Roupas,Roupas
Partner Roupas,Roupas
Some Brinquedos,Brinquedos
Write Alimentos,Alimentos
Yes Esportes,Ferramentas
Doctor Eletrônicos,Livros
Clear Esportes,Roupas
Indicate Esportes,Brinquedos
Relationship Esportes,Esportes
Break Móveis,Eletrônicos
Result Cosméticos,Alimentos
Offer Eletrônicos,Esportes
Bad Roupas,Esportes
Can Brinquedos,Alimentos
Result Eletrônicos,Cosméticos
Produce Ferramentas,Eletrônicos
Health Móveis,Alimentos
Including Ferramentas,Eletrônicos
Soldier Eletrônicos,Eletrônicos
Report Roupas,Alimentos
Himself Brinquedos,Brinquedos
Life Brinquedos,Brinquedos
Eye Roupas,Livros
Reflect Cosméticos,Livros
Cultural Cosméticos,Livros
Carry Livros,Cosméticos
Change Alimentos,Roupas
Scientist Brinquedos,Eletrônicos
Source Eletrônicos,Ferramentas
Describe Cosméticos,Livros
Carry Roupas,Ferramentas
Detail Alimentos,Livros
Forget Roupas,Móveis
American Brinquedos,Eletrônicos
Arrive Ferramentas,Roupas
During Cosméticos,Cosméticos
South Livros,Móveis
Say Alimentos,Móveis
Same Brinquedos,Móveis
Project Roupas,Brinquedos
Similar Brinquedos,Livros
Performance Móveis,Eletrônicos
Technology Brinquedos,Esportes
Create Cosméticos,Alimentos
Sometimes Ferramentas,Eletrônicos
Develop Brinquedos,Livros
Cause Cosméticos,Cosméticos
Partner Livros,Cosméticos
Near Ferramentas,Ferramentas
Firm Cosméticos,Cosméticos
Young Móveis,Livros
They Móveis,Esportes
Four Esportes,Roupas
Nature Móveis,Brinquedos
Future Móveis,Móveis
Week Livros,Cosméticos
Whatever Brinquedos,Móveis
Week Ferramentas,Esportes
Book Brinquedos,Livros
No Livros,Esportes
Food Móveis,Alimentos
Through Alimentos,Ferramentas
Lose Alimentos,Eletrônicos
Option Livros,Cosméticos
Fish Ferramentas,Roupas
Car Cosméticos,Roupas
Figure Roupas,Eletrônicos
Stay Roupas,Brinquedos
Science Cosméticos,Esportes
Fish Roupas,Livros
This Livros,Esportes
Loss Roupas,Roupas
Allow Alimentos,Eletrônicos
Me Livros,Esportes
Street Roupas,Brinquedos
Until Brinquedos,Roupas
Avoid Cosméticos,Brinquedos
Participant Cosméticos,Roupas
Phone Alimentos,Roupas
Seat Alimentos,Eletrônicos
Record Esportes,Brinquedos
Guess Esportes,Eletrônicos
Defense Cosméticos,Cosméticos
Certainly Livros,Alimentos
Two Eletrônicos,Cosméticos
Wear Esportes,Esportes
Record Roupas,Ferramentas
Then Livros,Roupas
Common Esportes,Livros
Least Cosméticos,Cosméticos
Firm Alimentos,Móveis
Will Cosméticos,Eletrônicos
Direction Ferramentas,Eletrônicos
Area Alimentos,Roupas
Picture Alimentos,Ferramentas
Against Móveis,Brinquedos
Wind Brinquedos,Eletrônicos
Single Livros,Ferramentas
Leg Esportes,Eletrônicos
People Cosméticos,Ferramentas
Bad Esportes,Roupas
Stuff Roupas,Esportes
Where Brinquedos,Alimentos
Remember Ferramentas,Roupas
Condition Roupas,Roupas
This Ferramentas,Brinquedos
Represent Brinquedos,Roupas
Nature Móveis,Móveis
Medical Esportes,Móveis
A Brinquedos,Esportes
Wait Livros,Eletrônicos
Arm Livros,Alimentos
Cost Brinquedos,Esportes
Now Esportes,Eletrônicos
East Cosméticos,Livros
Task Brinquedos,Roupas
Firm Alimentos,Cosméticos
Test Móveis,Móveis
Record Brinquedos,Roupas
Staff Ferramentas,Livros
Important Móveis,Alimentos
Whatever Roupas,Brinquedos
Its Roupas,Brinquedos
Deep Alimentos,Alimentos
Work Roupas,Roupas
End Livros,Esportes
Project Brinquedos,Roupas
High Livros,Roupas
Indicate Móveis,Brinquedos
Scientist Alimentos,Eletrônicos
Agency Esportes,Brinquedos
Federal Livros,Livros
Spend Livros,Móveis
Girl Móveis,Roupas
Society Brinquedos,Brinquedos
Instead Livros,Alimentos
Poor Brinquedos,Esportes
During Roupas,Alimentos
Account Roupas,Brinquedos
Leave Livros,Livros
Let Móveis,Alimentos
International Livros,Eletrônicos
Newspaper Roupas,Ferramentas
Various Roupas,Livros
Year Móveis,Cosméticos
Red Móveis,Móveis
Improve Brinquedos,Esportes
Popular Ferramentas,Eletrônicos
Alone Alimentos,Cosméticos
Represent Ferramentas,Roupas
Full Brinquedos,Brinquedos
Commercial Alimentos,Ferramentas
Field Móveis,Eletrônicos
Worry Alimentos,Ferramentas
Officer Brinquedos,Livros
Item Eletrônicos,Cosméticos
Try Cosméticos,Móveis
Over Roupas,Móveis
Event Livros,Esportes
Wife Esportes,Brinquedos
Conference Livros,Alimentos
Little Cosméticos,Roupas
Thousand Esportes,Móveis
Affect Livros,Eletrônicos
Get Brinquedos,Cosméticos
Center Alimentos,Móveis
There Brinquedos,Móveis
Act Eletrônicos,Livros
Deal Roupas,Eletrônicos
Sell Roupas,Eletrônicos
All Brinquedos,Roupas
Effect Brinquedos,Ferramentas
Decide Ferramentas,Esportes
Exist Eletrônicos,Esportes
Follow Livros,Móveis
Left Livros,Eletrônicos
Population Brinquedos,Ferramentas
Toward Móveis,Ferramentas
Serious Eletrônicos,Ferramentas
Doctor Esportes,Móveis
Unit Esportes,Brinquedos
Here Roupas,Alimentos
Development Livros,Alimentos
Only Eletrônicos,Brinquedos
Look Ferramentas,Eletrônicos
Perhaps Móveis,Ferramentas
Under Ferramentas,Esportes
Sound Roupas,Móveis
Safe Móveis,Ferramentas
Face Livros,Ferramentas
Development Ferramentas,Móveis
Skill Roupas,Eletrônicos
Plan Móveis,Cosméticos
Speech Móveis,Cosméticos
Up Esportes,Roupas
Keep Cosméticos,Roupas
Young Livros,Brinquedos
Everybody Livros,Alimentos
News Brinquedos,Livros
Involve Alimentos,Esportes
Something Roupas,Eletrônicos
That Móveis,Móveis
Possible Roupas,Eletrônicos
Bill Roupas,Cosméticos
Trial Esportes,Livros
Admit Esportes,Móveis
Challenge Brinquedos,Livros
Sometimes Esportes,Brinquedos
Customer Esportes,Brinquedos
Fill Alimentos,Cosméticos
Third Eletrônicos,Ferramentas
Present Móveis,Ferramentas
To Móveis,Roupas
Result Ferramentas,Móveis
Nor Cosméticos,Livros
Of Alimentos,Roupas
Pick Cosméticos,Eletrônicos
South Livros,Ferramentas
City Roupas,Ferramentas
Pm Eletrônicos,Brinquedos
Both Alimentos,Livros
Article Brinquedos,Esportes
Door Roupas,Alimentos
Involve Eletrônicos,Roupas
Gun Brinquedos,Ferramentas
Child Esportes,Brinquedos
Beyond Esportes,Eletrônicos
Country Esportes,Alimentos
Rule Cosméticos,Móveis
Language Livros,Eletrônicos
Million Móveis,Eletrônicos
Responsibility Móveis,Eletrônicos
Production Brinquedos,Eletrônicos
Program Livros,Esportes
Democratic Alimentos,Roupas
Indicate Livros,Livros
Least Cosméticos,Cosméticos
Save Móveis,Móveis
Treatment Roupas,Eletrônicos
Appear Roupas,Livros
Foreign Eletrônicos,Móveis
Right Ferramentas,Eletrônicos
Something Livros,Cosméticos
Set Ferramentas,Ferramentas
Although Roupas,Alimentos
Couple Livros,Móveis
Amount Eletrônicos,Esportes
Raise Roupas,Móveis
We Esportes,Esportes
Exist Livros,Ferramentas
Future Cosméticos,Alimentos
Approach Livros,Móveis
Begin Esportes,Cosméticos
Economic Eletrônicos,Esportes
Build Esportes,Cosméticos
Ok Móveis,Alimentos
Provide Esportes,Roupas
Again Móveis,Móveis
They Brinquedos,Ferramentas
Fight Esportes,Ferramentas
Be Ferramentas,Cosméticos
Network Ferramentas,Brinquedos
Evening Brinquedos,Móveis
Poor Móveis,Esportes
Different Brinquedos,Esportes
Baby Roupas,Brinquedos
Site Esportes,Cosméticos
Company Móveis,Cosméticos
Usually Brinquedos,Livros
Return Móveis,Cosméticos
When Roupas,Roupas
Often Alimentos,Alimentos
Land Ferramentas,Alimentos
Practice Cosméticos,Cosméticos
Hit Móveis,Brinquedos
Director Livros,Móveis
Especially Esportes,Eletrônicos
Ago Ferramentas,Móveis
Else Ferramentas,Alimentos
Happy Cosméticos,Cosméticos
Environment Cosméticos,Móveis
Approach Ferramentas,Livros
Reflect Livros,Alimentos
Commercial Móveis,Alimentos
Finally Ferramentas,Cosméticos
Audience Esportes,Móveis
Change Roupas,Livros
Personal Esportes,Brinquedos
Audience Cosméticos,Brinquedos
Impact Ferramentas,Alimentos
Pretty Esportes,Cosméticos
Know Livros,Cosméticos
Seek Ferramentas,Ferramentas
Political Alimentos,Livros
Mean Livros,Brinquedos
Same Roupas,Eletrônicos
Wide Cosméticos,Móveis
Chance Eletrônicos,Brinquedos
Sort Móveis,Móveis
Rather Ferramentas,Brinquedos
Arm Brinquedos,Livros
Official Ferramentas,Livros
Avoid Esportes,Brinquedos
Thought Esportes,Esportes
Miss Móveis,Móveis
Also Eletrônicos,Esportes
Rather Brinquedos,Roupas
Owner Móveis,Livros
Parent Roupas,Roupas
Dream Eletrônicos,Eletrônicos
On Ferramentas,Brinquedos
Table Ferramentas,Ferramentas
Loss Roupas,Ferramentas
Against Roupas,Livros
Avoid Móveis,Eletrônicos
Can Cosméticos,Brinquedos
Accept Roupas,Ferramentas
Or Esportes,Eletrônicos
Go Eletrônicos,Esportes
Part Ferramentas,Alimentos
Under Livros,Cosméticos
Young Brinquedos,Esportes
Ten Móveis,Brinquedos
Also Livros,Ferramentas
Debate Alimentos,Cosméticos
Four Alimentos,Alimentos
More Roupas,Esportes
Thing Ferramentas,Cosméticos
Building Ferramentas,Cosméticos
Sign Esportes,Alimentos
Short Alimentos,Ferramentas
Other Brinquedos,Livros
Although Roupas,Livros
Miss Eletrônicos,Roupas
Really Brinquedos,Alimentos
Book Livros,Móveis
Effort Ferramentas,Eletrônicos
Investment Móveis,Ferramentas
Of Alimentos,Ferramentas
Character Roupas,Ferramentas
Beat Eletrônicos,Ferramentas
Rather Brinquedos,Roupas
Less Alimentos,Roupas
Later Brinquedos,Alimentos
Respond Móveis,Brinquedos
Mr Móveis,Alimentos
Me Esportes,Ferramentas
Pretty Móveis,Cosméticos
Design Ferramentas,Móveis
Give Livros,Cosméticos
Range Alimentos,Roupas
Perhaps Esportes,Livros
Investment Brinquedos,Cosméticos
Different Esportes,Ferramentas
Spend Livros,Cosméticos
Fine Livros,Móveis
Happy Esportes,Esportes
Technology Móveis,Roupas
Until Esportes,Alimentos
Somebody Móveis,Alimentos
Policy Esportes,Livros
Blood Cosméticos,Alimentos
Plan Cosméticos,Brinquedos
Community Cosméticos,Esportes
Very Brinquedos,Móveis
College Alimentos,Cosméticos
Wrong Alimentos,Livros
Movie Brinquedos,Ferramentas
Court Eletrônicos,Alimentos
Ask Eletrônicos,Alimentos
Happy Ferramentas,Eletrônicos
Help Móveis,Móveis
Best Livros,Esportes
Experience Brinquedos,Cosméticos
Total Ferramentas,Livros
Before Eletrônicos,Roupas
Action Móveis,Alimentos
Difference Cosméticos,Eletrônicos
Group Roupas,Livros
Conference Eletrônicos,Roupas
Bar Roupas,Ferramentas
Should Brinquedos,Móveis
Section Móveis,Eletrônicos
Condition Móveis,Esportes
Space Móveis,Esportes
Similar Brinquedos,Esportes
Yourself Brinquedos,Eletrônicos
They Eletrônicos,Livros
Fast Esportes,Brinquedos
Democratic Roupas,Móveis
Fear Brinquedos,Móveis
Dog Móveis,Ferramentas
Affect Móveis,Brinquedos
Simple Esportes,Roupas
Main Roupas,Esportes
Product Ferramentas,Eletrônicos
Account Alimentos,Móveis
Cost Móveis,Esportes
Her Livros,Eletrônicos
Task Roupas,Roupas
Lead Roupas,Cosméticos
Political Cosméticos,Cosméticos
Parent Móveis,Móveis
Near Móveis,Alimentos
Would Móveis,Alimentos
Decade Brinquedos,Eletrônicos
Indeed Alimentos,Alimentos
Night Roupas,Eletrônicos
Name Livros,Livros
Offer Brinquedos,Brinquedos
Movement Livros,Cosméticos
Service Esportes,Roupas
Important Roupas,Brinquedos
Store Cosméticos,Eletrônicos
I Brinquedos,Esportes
Within Eletrônicos,Eletrônicos
Father Esportes,Eletrônicos
Western Eletrônicos,Cosméticos
Less Esportes,Roupas
Certainly Ferramentas,Móveis
Lead Alimentos,Alimentos
Care Cosméticos,Ferramentas
Stop Móveis,Esportes
Meeting Livros,Eletrônicos
Different Roupas,Roupas
Doctor Ferramentas,Cosméticos
Watch Cosméticos,Ferramentas
Test Brinquedos,Eletrônicos
Soldier Esportes,Esportes
Bank Roupas,Móveis
Ok Ferramentas,Cosméticos
Education Alimentos,Móveis
Recognize Esportes,Móveis
Series Livros,Móveis
Ready Esportes,Esportes
Little Móveis,Cosméticos
Hard Eletrônicos,Livros
Far Ferramentas,Móveis
Second Brinquedos,Ferramentas
Into Cosméticos,Móveis
Difficult Alimentos,Brinquedos
Response Livros,Livros
Might Alimentos,Cosméticos
Life Alimentos,Roupas
Ground Cosméticos,Ferramentas
Choice Ferramentas,Brinquedos
Indeed Móveis,Cosméticos
Seven Móveis,Móveis
Summer Brinquedos,Livros
Ask Ferramentas,Alimentos
Against Móveis,Eletrônicos
Wind Cosméticos,Livros
Under Cosméticos,Brinquedos
Message Esportes,Ferramentas
Study Esportes,Roupas
Almost Livros,Eletrônicos
Benefit Livros,Livros
Item Brinquedos,Roupas
First Esportes,Cosméticos
Radio Eletrônicos,Brinquedos
Teach Alimentos,Ferramentas
Term Ferramentas,Ferramentas
Accept Brinquedos,Ferramentas
Quite Ferramentas,Eletrônicos
Customer Cosméticos,Cosméticos
Term Brinquedos,Roupas
Yes Eletrônicos,Livros
Keep Móveis,Eletrônicos
Exist Livros,Cosméticos
Dream Alimentos,Roupas
News Livros,Cosméticos
Amount Móveis,Brinquedos
Wall Cosméticos,Esportes
Weight Móveis,Esportes
Team Esportes,Eletrônicos
Building Ferramentas,Móveis
Whose Livros,Alimentos
Wonder Alimentos,Ferramentas
Class Brinquedos,Alimentos
Lay Eletrônicos,Livros
Writer Livros,Livros
Me Roupas,Livros
Cell Móveis,Móveis
Eight Livros,Ferramentas
Young Brinquedos,Brinquedos
Point Roupas,Alimentos
Watch Roupas,Móveis
Life Livros,Esportes
Build Brinquedos,Eletrônicos
Behavior Ferramentas,Brinquedos
Ok Brinquedos,Eletrônicos
Within Móveis,Cosméticos
Company Alimentos,Eletrônicos
According Eletrônicos,Cosméticos
Open Roupas,Roupas
Next Móveis,Livros
Size Brinquedos,Eletrônicos
Police Alimentos,Livros
People Cosméticos,Roupas
Guy Alimentos,Roupas
Name Eletrônicos,Roupas
Address Esportes,Ferramentas
Then Cosméticos,Alimentos
Then Móveis,Alimentos
Front Ferramentas,Brinquedos
Toward Brinquedos,Ferramentas
Art Roupas,Móveis
Spend Cosméticos,Eletrônicos
Own Esportes,Roupas
Part Eletrônicos,Alimentos
Sit Móveis,Alimentos
Appear Cosméticos,Eletrônicos
Evidence Livros,Alimentos
Entire Brinquedos,Eletrônicos
Sign Ferramentas,Brinquedos
Something Brinquedos,Cosméticos
Rest Brinquedos,Roupas
Less Livros,Cosméticos
Deal Eletrônicos,Livros
Person Roupas,Ferramentas
History Cosméticos,Ferramentas
Dark Livros,Ferramentas
Style Roupas,Esportes
Return Alimentos,Livros
They Roupas,Livros
Court Livros,Eletrônicos
Realize Brinquedos,Ferramentas
Single Roupas,Eletrônicos
Create Alimentos,Esportes
Back Cosméticos,Cosméticos
Yourself Ferramentas,Livros
Scientist Ferramentas,Brinquedos
Scene Eletrônicos,Alimentos
Book Ferramentas,Móveis
Research Brinquedos,Móveis
Garden Livros,Livros
Everyone Brinquedos,Esportes
Win Livros,Móveis
Step Cosméticos,Alimentos
Third Ferramentas,Ferramentas
Deal Eletrônicos,Brinquedos
Side Ferramentas,Alimentos
Produce Brinquedos,Ferramentas
Similar Brinquedos,Ferramentas
Kitchen Ferramentas,Roupas
General Roupas,Esportes
Return Roupas,Cosméticos
Air Eletrônicos,Esportes
Yet Roupas,Móveis
Board Roupas,Eletrônicos
Class Roupas,Esportes
Painting Brinquedos,Ferramentas
Several Roupas,Livros
Lawyer Livros,Roupas
Physical Alimentos,Ferramentas
Suffer Cosméticos,Cosméticos
Sit Eletrônicos,Brinquedos
Space Cosméticos,Brinquedos
Especially Alimentos,Livros
Wear Brinquedos,Esportes
Rather Alimentos,Brinquedos
Realize Alimentos,Esportes
Education Ferramentas,Roupas
Shoulder Livros,Eletrônicos
State Brinquedos,Cosméticos
Hear Cosméticos,Livros
Officer Cosméticos,Ferramentas
Commercial Livros,Roupas
At Alimentos,Roupas
Seven Eletrônicos,Cosméticos
Little Roupas,Móveis
Reality Móveis,Ferramentas
Coach Eletrônicos,Brinquedos
Value Esportes,Eletrônicos
Happy Cosméticos,Brinquedos
Company Roupas,Brinquedos
Front Roupas,Roupas
North Ferramentas,Móveis
Tonight Eletrônicos,Roupas
Any Livros,Cosméticos
Possible Esportes,Esportes
Back Móveis,Móveis
Young Móveis,Brinquedos
His Brinquedos,Roupas
So Alimentos,Alimentos
Treat Roupas,Brinquedos
Career Cosméticos,Alimentos
Change Cosméticos,Livros
Important Livros,Esportes
Manager Ferramentas,Eletrônicos
